chunk_id,course_code,title,section,chunk_index,text,source_file
1,COSC 3P99,",",,1,"Course: COSC 3P99 - , Description: 4F90 , MATH 2P12 , 2P92 , 2P97 , 3P12 , 3P73, 4P71 , 4P92 , STAT 2P81 , 2P98 . Co-op Program The Computer Science Co-op program combines academic and work terms over a four and one-half year period. Students spend one and one-half years in an academic setting studying the fundamentals of computer programming, computer organization, algorithms, data structures and ethics prior to their first work placement. Successful completion of courses in the core areas of Computer Science provides the necessary academic background for the work experience. In addition to the current fees for courses in academic study terms, Co-op students are assessed an annual administration fee (see the Schedule of Fees ). Eligibility to continue is based on the student's major average and non-major average.",2024-2025-Undergraduate-Calendar-Computer-Science.html
2,COSC 3P99,",",,2,"Students will be required to maintain a minimum 70 percent major average and a minimum 60 percent non-major average in order to continue in the Co-op program. If a student subsequently raises the student's major average to 70 percent, the student may be readmitted only if approved by the Computer Science Co-op Admissions Committee. All students in the Co-operative Education program are required to read, sign and adhere to the terms of the Student Regulations Waiver and Co-op Student Manual (brocku.ca/co-op/current-students/co-op-student-manuals) as articulated by the Co-op Programs Office. In addition, eligibility to continue in the co-op option is based on the student's major average and non-major average, and the ability to demonstrate the motivation and potential to pursue a professional career. Students must register for each four-month co-operative education work term.",2024-2025-Undergraduate-Calendar-Computer-Science.html
3,COSC 3P99,",",,3,"Once students are registered in a co-op work term, they are expected to fulfill their commitment. If the placement accepted is for more than one four-month work term, students are committed to complete all terms. Students may not withdraw from or terminate a work term without permission from the Director, Co-op Program Office. The Computer Science Co-op program designation will be awarded to those students who have honours standing and have successfully completed a minimum of twelve months Co-op work experience. Applied Computing (APCO) Courses Courses with the APCO designation are intended for non-Computer Science majors who recognize the need for fluency in computing as a part of their undergraduate program. These courses may be taken individually or as part of a minor.",2024-2025-Undergraduate-Calendar-Computer-Science.html
4,APCO 1P00,",",,1,"Course: APCO 1P00 - , Description: 1P01 , 1P30 , 1P50 and 1P93 may each be taken as a first APCO course.",2024-2025-Undergraduate-Calendar-Computer-Science.html
5,APCO 1P00,is a non-technical introduction to programming and requires no previous experience.,,1,"Course: APCO 1P00 - is a non-technical introduction to programming and requires no previous experience. Description: APCO 1P01 discusses software tools for word processing, spreadsheets, presentations, databases and searching the internet and anticipates previous exposure to computer use.",2024-2025-Undergraduate-Calendar-Computer-Science.html
6,APCO 1P30,involves programming for interactive media and assumes no prior programming experience but does assume familiarity with computer applications.,,1,Course: APCO 1P30 - involves programming for interactive media and assumes no prior programming experience but does assume familiarity with computer applications.,2024-2025-Undergraduate-Calendar-Computer-Science.html
7,APCO 1P50,considers effective and ethical use of computers for information acquisition and dissemination. It requires no previous computing skill.,,1,Course: APCO 1P50 - considers effective and ethical use of computers for information acquisition and dissemination. It requires no previous computing skill.,2024-2025-Undergraduate-Calendar-Computer-Science.html
8,APCO 1P93,will usually serve as a second programming course but can also serve as an introductory programming course for those who need a more technical introduction to programming.,,1,"Course: APCO 1P93 - will usually serve as a second programming course but can also serve as an introductory programming course for those who need a more technical introduction to programming. Description: APCO courses do not count as major credit for COSC (single or combined) majors, Computing and Business , Computing and Network Communications and Computing and Solid-State Device Technology students. Department Facilities A campus-wide fibre optic network links all the University's academic computing facilities including the department's computers. Campus-wide WiFi provides access to this network from anywhere on campus. The department maintains a 16 core Redhat Linux server that supports the departmental labs and provides students with access to their files wherever they can connect via the internet. The department has three computer laboratories: D205,",2024-2025-Undergraduate-Calendar-Computer-Science.html
9,APCO 1P93,will usually serve as a second programming course but can also serve as an introductory programming course for those who need a more technical introduction to programming.,,2,"J301 and J310 containing multi-core Intel processor computers running both Windows and Linux operating systems with access to development environments, database systems and other special purpose software used in the courses. Major Credits In calculating the major average for a Computer Science major or co-major, all COSC courses, MATH 1P66 and 1P67 are included. Mathematics in Computer Science Mathematics is fundamental to the study of Computer Science and thus MATH credits are required in each of the various programs. In order to be more competitive in the workplace and if considering graduate studies, students are strongly encouraged to take as many MATH courses as possible. Computer Hardware Students interested in computer hardware are advised to elect PHYS 2P30 and 3P92 within their Computer Science program.",2024-2025-Undergraduate-Calendar-Computer-Science.html
10,APCO 1P93,will usually serve as a second programming course but can also serve as an introductory programming course for those who need a more technical introduction to programming.,,3,"PHYS 1P21 or 1P91 (recommended) and either PHYS 1P22 or 1P92 (recommended) are required as a prerequisite for PHYS 2P30 . Program Notes 1. In choosing electives, students could consider: ENTR 2P51 , FNCE 2P51 , IASC 2P01 , MKTG 2P51 , OPER 2P51 , PHIL 2P25 , WRDS 2P14 and, if considering graduate school, additional MATH courses. Students are advised to take special care in selecting elective credits (both COSC and general), especially in year three, to ensure access to subsequent courses required to complete the four-year programs. 2. MATH 1P05 and 1P06 for Chemistry ; MATH 1P97 and STAT 1P98 for Earth Sciences . 3. One elective credit if the required course in year 1 in the other discipline is a Social Sciences context credit or Humanities context credit for the combined degree with Social Sciences context credit or Humanities context credit, respectively. 4.",2024-2025-Undergraduate-Calendar-Computer-Science.html
11,APCO 1P93,will usually serve as a second programming course but can also serve as an introductory programming course for those who need a more technical introduction to programming.,,4,"Students may take MATH 1P05 and 1P06 in place of MATH 1P97 and STAT 1P98 in year 1. STAT 1P98 would then be taken in year 2 in place of a one-half credit elective. 5. For students with a special interest in geographic information systems, the following courses are strongly recommended as GEOG and COSC elective credits: GEOG 3P04 , 3P05 , 3P07 ,",2024-2025-Undergraduate-Calendar-Computer-Science.html
12,COSC 3P98,.,,1,Course: COSC 3P98 - . Description: 6. The Computer Science and Visual Arts program is limited to 5 students. 7. Students planning on attending graduate school should consider two additional credits from,2024-2025-Undergraduate-Calendar-Computer-Science.html
13,COSC 3P99,",",,1,"Course: COSC 3P99 - , Description: 4F90 , 4P03 , 4P42 , MATH 2P12 , 2P92 , 2P97 , 3P12 , 3P73, 4P71 , 4P92 , STAT 2P81 , 2P98 . 8. In 20 credit degree programs a maximum of eight credits may be numbered 1 (alpha) 00 to 1 (alpha) 99; at least three credits must be numbered 2 (alpha) 90 or above; at least three credits must be numbered 3 (alpha) 90 or above; and the remaining credits must be numbered 2 (alpha) 00 or above. In some circumstances, in order to meet university degree and program requirements, more than 20 credits may be taken. Honours Program Year 1",2024-2025-Undergraduate-Calendar-Computer-Science.html
14,COSC 1P02,and,,1,Course: COSC 1P02 - and Description: 1P03,2024-2025-Undergraduate-Calendar-Computer-Science.html
15,COSC 1P50,or,,1,Course: COSC 1P50 - or Description: 1P71 MATH 1P66 and 1P67 one Humanities context credit one Social Sciences context credit one-half elective credit (see program note 1 ) Year 2,2024-2025-Undergraduate-Calendar-Computer-Science.html
16,COSC 2P03,",",,1,"Course: COSC 2P03 - , Description: 2P05 , 2P12 and 2P13 MATH 1P12 STAT 1P98 two elective credits (see program notes 1 , 7, and 8) Year 3",2024-2025-Undergraduate-Calendar-Computer-Science.html
17,COSC 3P03,",",,1,"Course: COSC 3P03 - , Description: 3P32 and 3P71 MATH 1P05 and 1P06 one COSC credit numbered 2(alpha)00 or higher (see program notes 7 and 8 ) one and one-half elective credits numbered 2 (alpha) 00 or above(see program notes 1 , 7, and 8) Year 4",2024-2025-Undergraduate-Calendar-Computer-Science.html
18,COSC 4P01,",",,1,"Course: COSC 4P01 - , Description: 4P02 and 4P61 two COSC credits numbered 3(alpha)00 or higher ( see program notes 7 and 8 ) one and one-half elective credits numbered 2 (alpha) 00 or above (see program notes 1 , 7, and 8) Computer Science Co-op (honours only) Students admitted to the Computer Science program must follow an approved program pattern. The most common pattern is listed below. For other approved patterns, consult the Co-op Office. Failure to adhere to an approved pattern may result in removal from the program. Year 1",2024-2025-Undergraduate-Calendar-Computer-Science.html
19,COSC 1P02,and,,1,Course: COSC 1P02 - and Description: 1P03,2024-2025-Undergraduate-Calendar-Computer-Science.html
20,COSC 1P50,or,,1,Course: COSC 1P50 - or Description: 1P71 MATH 1P66 and 1P67 one Humanities context credit one Social Sciences context credit one-half elective credit (see program note 1 ) Winter Term: SCIE 0N90 Year 2 Fall Term:,2024-2025-Undergraduate-Calendar-Computer-Science.html
21,COSC 2P03,and,,1,Course: COSC 2P03 - and Description: 2P12 MATH 1P12 one-half COSC credit (,2024-2025-Undergraduate-Calendar-Computer-Science.html
22,COSC 2P89,recommended),,1,Course: COSC 2P89 - recommended) Description: one-half elective credit (see program notes 1 and 8 ) Winter Term:,2024-2025-Undergraduate-Calendar-Computer-Science.html
23,COSC 0N01,and,,1,Course: COSC 0N01 - and Description: 2C01 Spring/Summer Sessions:,2024-2025-Undergraduate-Calendar-Computer-Science.html
24,COSC 2P13,and,,1,Course: COSC 2P13 - and Description: 3P32 STAT 1P98 one elective credit (see program notes 1 and 8 ) Year 3 Fall Term:,2024-2025-Undergraduate-Calendar-Computer-Science.html
25,COSC 0N02,and,,1,Course: COSC 0N02 - and Description: 2C02 Winter Term:,2024-2025-Undergraduate-Calendar-Computer-Science.html
26,COSC 2P05,one COSC credit numbered 2(alpha)00 or higher,,1,Course: COSC 2P05 - one COSC credit numbered 2(alpha)00 or higher Description: one elective credit numbered 2 (alpha) 00 or above(see program notes 1 and 8 ) Spring/Summer Sessions:,2024-2025-Undergraduate-Calendar-Computer-Science.html
27,COSC 0N03,and,,1,Course: COSC 0N03 - and Description: 2C03 Year 4,2024-2025-Undergraduate-Calendar-Computer-Science.html
28,COSC 3P03,",",,1,"Course: COSC 3P03 - , Description: 3P71 , 4P01 and 4P02 MATH 1P05 and 1P06 one-half COSC credit numbered 3(alpha)00 or higher (see program note 8 ) one and one-half elective credits numbered 2 (alpha) 00 or above(see program notes 1 and 8 ) Year 5 Fall Term:",2024-2025-Undergraduate-Calendar-Computer-Science.html
29,COSC 4P61,one COSC credit numbered 3(alpha)00 or higher (see,,1,Course: COSC 4P61 - one COSC credit numbered 3(alpha)00 or higher (see Description: program note 8 ) one elective credit numbered 2 (alpha) 00 or above (see program note 1 and 8 ) BSc with Major Program Year 1,2024-2025-Undergraduate-Calendar-Computer-Science.html
30,COSC 1P02,and,,1,Course: COSC 1P02 - and Description: 1P03,2024-2025-Undergraduate-Calendar-Computer-Science.html
31,COSC 1P50,or,,1,Course: COSC 1P50 - or Description: 1P71 MATH 1P66 and 1P67 one Humanities context credit one Social Sciences context credit one-half elective credit (see program note 1 ) Year 2,2024-2025-Undergraduate-Calendar-Computer-Science.html
32,COSC 2P03,",",,1,"Course: COSC 2P03 - , Description: 2P05 , 2P12 and 2P13 MATH 1P12 STAT 1P98 two elective credits (see program notes 1 and 8 ) Year 3",2024-2025-Undergraduate-Calendar-Computer-Science.html
33,COSC 3P03,",",,1,"Course: COSC 3P03 - , Description: 3P32 and 3P71 MATH 1P05 and 1P06 ; or MATH 1P97 and one of",2024-2025-Undergraduate-Calendar-Computer-Science.html
34,COSC 4P61,",",,1,"Course: COSC 4P61 - , Description: MATH 2P12 , 2P90 , 2P91 , 2P92 , 2P94 , 4P71 , STAT 2P98 one COSC credit numbered 2(alpha)00 or higher ( see program note 8 ) one and one-half elective credits numbered 2 (alpha) 00 or above (see program notes 1 and 8 ) Year 4",2024-2025-Undergraduate-Calendar-Computer-Science.html
35,COSC 4P01,",",,1,"Course: COSC 4P01 - , Description: 4P02 One of",2024-2025-Undergraduate-Calendar-Computer-Science.html
36,COSC 4P61,",",,1,"Course: COSC 4P61 - , Description: MATH 2P12 , 2P90 , 2P91 , 2P92 , 2P94 , 4P71 , STAT 2P98 two COSC credits numbered 3(alpha)00 or higher ( see program note 8 ) one and one-half elective credits numbered 2 (alpha) 00 or above (see program notes 1 and 8 ) Computer Science as a Second Degree Program A student holding an honours or Pass degree in another discipline may obtain a BSc (Honours) in Computer Science or a BSc with a Major in Computer Science. Students should refer to the University regulations concerning ""Requirements for a Second or Subsequent Degree"" section for further information. Previous or transfer credits may be used to satisfy some of the following requirements. Applicants must be able to demonstrate an acceptable level of fluency and accuracy in spoken and written English. Prior to admission,",2024-2025-Undergraduate-Calendar-Computer-Science.html
37,COSC 4P61,",",,2,"an applicant holding a degree from a non-Canadian university will be required to provide evidence of English language proficiency as demonstrated through one of the means outlined in the ""Proof of Proficiency in English"" section. The additional courses taken for a second degree in Computer Science must include a minimum of five Brock COSC credits. All elective credits should be numbered 2 (alpha) 00 or above. A second-degree program is often taken as part-time study since the normal prerequisite structure requires a minimum of four years of study. A student wishing to pursue full-time study can usually complete the program in three years by following the pattern of study below. Honours Year 1",2024-2025-Undergraduate-Calendar-Computer-Science.html
38,COSC 1P02,",",,1,"Course: COSC 1P02 - , Description: 1P03 and",2024-2025-Undergraduate-Calendar-Computer-Science.html
39,COSC 1P50,MATH 1P12,,1,"Course: COSC 1P50 - MATH 1P12 Description: , 1P66 , 1P67 STAT 1P98 Spring/Summer Sessions:",2024-2025-Undergraduate-Calendar-Computer-Science.html
40,COSC 2P03,Year 2,,1,Course: COSC 2P03 - Year 2,2024-2025-Undergraduate-Calendar-Computer-Science.html
41,COSC 2P05,",",,1,"Course: COSC 2P05 - , Description: 2P12 , 2P13 , 3P03 , 3P32 and 3P71 MATH 1P05 and 1P06 Year 3",2024-2025-Undergraduate-Calendar-Computer-Science.html
42,COSC 4P01,",",,1,"Course: COSC 4P01 - , Description: 4P02 and 4P61 one COSC credit two COSC credits numbered 3 (alpha) 90 or above BSc with Major Year 1",2024-2025-Undergraduate-Calendar-Computer-Science.html
43,COSC 1P02,",",,1,"Course: COSC 1P02 - , Description: 1P03 and",2024-2025-Undergraduate-Calendar-Computer-Science.html
44,COSC 1P50,MATH 1P12,,1,"Course: COSC 1P50 - MATH 1P12 Description: , 1P66 , 1P67 STAT 1P98 Spring/Summer Sessions:",2024-2025-Undergraduate-Calendar-Computer-Science.html
45,COSC 2P03,Year 2,,1,Course: COSC 2P03 - Year 2,2024-2025-Undergraduate-Calendar-Computer-Science.html
46,COSC 2P05,",",,1,"Course: COSC 2P05 - , Description: 2P12 , 2P13 , 3P03 , 3P32 and 3P71 MATH 1P05 and 1P06 ; or MATH 1P97 and one of",2024-2025-Undergraduate-Calendar-Computer-Science.html
47,COSC 4P61,",",,1,"Course: COSC 4P61 - , Description: MATH 2P12 , 2P90 , 2P91 , 2P92 , 2P94 , 4P71 , STAT 2P98 Year 3",2024-2025-Undergraduate-Calendar-Computer-Science.html
48,COSC 4P01,",",,1,"Course: COSC 4P01 - , Description: 4P02 and one of",2024-2025-Undergraduate-Calendar-Computer-Science.html
49,COSC 4P61,",",,1,"Course: COSC 4P61 - , Description: MATH 2P12 , 2P90 , 2P91 , 2P92 , 2P94 , 4P71 , STAT 2P98 one COSC credit two COSC credits numbered 3 (alpha) 90 or above Combined Major Program Students may take a combined major in Computer Science and a second discipline. For requirements in the other discipline, the student should consult the relevant department/centre. It should be noted that not all departments/centres provide a combined major option. BSc (honours) Computer Science and another Science Year 1",2024-2025-Undergraduate-Calendar-Computer-Science.html
50,COSC 1P02,and,,1,Course: COSC 1P02 - and Description: 1P03 MATH 1P66 and 1P67 one MATH credit (see program note 2 ) one credit in the co-major discipline one Social Sciences context credit Year 2,2024-2025-Undergraduate-Calendar-Computer-Science.html
51,COSC 2P03,",",,1,"Course: COSC 2P03 - , Description: 2P05 , 2P12 and 2P13 two credits in the co-major discipline one Humanities context credit Year 3",2024-2025-Undergraduate-Calendar-Computer-Science.html
52,COSC 1P50,COSC 3P03,,1,"Course: COSC 1P50 - COSC 3P03 Description: , 3P32 and 3P71 MATH 1P12 STAT 1P98 two credits in co-major discipline Year 4",2024-2025-Undergraduate-Calendar-Computer-Science.html
53,COSC 4P01,and,,1,Course: COSC 4P01 - and Description: 4P02 one COSC credit numbered 3 (alpha) 90 or above two credits in the co-major discipline numbered 3 (alpha) 90 or above one elective credit BSc (honours) Computer Science and Mathematics Year 1,2024-2025-Undergraduate-Calendar-Computer-Science.html
54,COSC 1P02,and,,1,"Course: COSC 1P02 - and Description: 1P03 MATH 1P01 , 1P02, 1P66 and 1P67 one Humanities context credit one Social Sciences context credit Year 2",2024-2025-Undergraduate-Calendar-Computer-Science.html
55,COSC 2P03,",",,1,"Course: COSC 2P03 - , Description: 2P05 , 2P12 and 2P13 MATH 1P11 , 1P40 , and 2P03 STAT 2P81 one elective credit Year 3",2024-2025-Undergraduate-Calendar-Computer-Science.html
56,COSC 1P50,COSC 2P95,,1,"Course: COSC 1P50 - COSC 2P95 Description: , 3P03 and 3P32 MATH 2P40 MATH 2P12 or 2P92 STAT 2P82 one-half MATH credit (see program note 8 ) one elective credit Year 4",2024-2025-Undergraduate-Calendar-Computer-Science.html
57,COSC 4P01,and,,1,Course: COSC 4P01 - and Description: 4P02 one COSC credit numbered 3 (alpha) 90 or above MATH 3P60 and 4P61 one-half MATH credit (see program note 8 ) one-half MATH credit numbered 3 (alpha) 90 or above (see program note 8 ) one elective credit numbered 2 (alpha) 00 or above BSc Computer Science and Mathematics Co-op (honours only) Consult the Mathematics entry for a listing of program requirements. BSc (honours) Computer Science and Physics Consult the Physics entry for a listing of program requirements. BA (honours; with Major) or BSc (honours; with Major) Computer Science and a Humanities or a Social Sciences Year 1,2024-2025-Undergraduate-Calendar-Computer-Science.html
58,COSC 1P02,and,,1,Course: COSC 1P02 - and Description: 1P03 MATH 1P66 and 1P67 one credit in the co-major discipline one Humanities context credit (see program note 3 ) one Social Sciences context credit (see program note 3 ) Year 2,2024-2025-Undergraduate-Calendar-Computer-Science.html
59,COSC 2P03,",",,1,"Course: COSC 2P03 - , Description: 2P05 , 2P12 and 2P13 two credits in the co-major discipline one elective credit Year 3",2024-2025-Undergraduate-Calendar-Computer-Science.html
60,COSC 1P50,COSC 3P03,,1,"Course: COSC 1P50 - COSC 3P03 Description: , 3P32 and 3P71 MATH 1P97 STAT 1P98 two credits in the co-major discipline Year 4",2024-2025-Undergraduate-Calendar-Computer-Science.html
61,COSC 4P01,and,,1,Course: COSC 4P01 - and Description: 4P02 one COSC credit numbered 3 (alpha) 90 or above two credits in the co-major discipline numbered 3 (alpha) 90 or above one elective credit BSc (Honours) Computer Science and Visual Arts Year 1,2024-2025-Undergraduate-Calendar-Computer-Science.html
62,COSC 1P02,and,,1,"Course: COSC 1P02 - and Description: 1P03 VISA 1P95 , 1P96 , 1Q98 and 1Q99 MATH 1P66 and 1P67 one Social Sciences context credit Year 2",2024-2025-Undergraduate-Calendar-Computer-Science.html
63,COSC 2P03,",",,1,"Course: COSC 2P03 - , Description: 2P05 , 2P12 and 2P13 VISA 2P61 and 2P96 one VISA credit numbered 2 (alpha) 00 or above ( VISA 2P97 and 2P98 recommended) one elective credit Year 3",2024-2025-Undergraduate-Calendar-Computer-Science.html
64,COSC 1P50,COSC 3P03,,1,"Course: COSC 1P50 - COSC 3P03 Description: , 3P32 and 3P71 one VISA credit numbered 3 (alpha) 00 or above (VISA 3F96 recommended) MATH 1P12 and 1P97 one elective credit numbered 2 (alpha) 00 or above Year 4",2024-2025-Undergraduate-Calendar-Computer-Science.html
65,COSC 2P89,",",,1,"Course: COSC 2P89 - , Description: 3P98 , 4P01 and 4P02 one VISA credit numbered 2 (alpha) 00 or above one and one-half VISA credits numbered 3 (alpha) 90 or above STAT 1P98 BA (honours) or BSc (honours) Computer Science and Economics Year 1",2024-2025-Undergraduate-Calendar-Computer-Science.html
66,COSC 1P02,and,,1,"Course: COSC 1P02 - and Description: 1P03 ECON 1P91 and 1P92 MATH 1P66 , 1P67 , and 1P97 (see program note 4 ) STAT 1P98 (see program note 4 ) one Humanities context credit Year 2",2024-2025-Undergraduate-Calendar-Computer-Science.html
67,COSC 2P03,",",,1,"Course: COSC 2P03 - , Description: 2P05 , 2P12 and 2P13 ECON 2P21 , 2P22 and 2P30 one-half ECON credit one elective credit Year 3",2024-2025-Undergraduate-Calendar-Computer-Science.html
68,COSC 1P50,COSC 3P03,,1,"Course: COSC 1P50 - COSC 3P03 Description: , 3P32 and 3P71 ECON 2P90 , 3P21 , 3P22 and 3Q91 one elective credit Year 4",2024-2025-Undergraduate-Calendar-Computer-Science.html
69,COSC 4P01,and,,1,"Course: COSC 4P01 - and Description: 4P02 one COSC credit numbered 3 (alpha) 90 or above ECON 3P90 , 4P13 and 4P14 one-half ECON credit numbered 2 (alpha) 90 or above one elective credit BA (honours) Computer Science and Geography Year 1",2024-2025-Undergraduate-Calendar-Computer-Science.html
70,COSC 1P02,and,,1,"Course: COSC 1P02 - and Description: 1P03 one credit from GEOG 1P01 , 1P02, 1P03 MATH 1P66 and 1P67 one Humanities context credit one elective credit Year 2",2024-2025-Undergraduate-Calendar-Computer-Science.html
71,COSC 2P03,",",,1,"Course: COSC 2P03 - , Description: 2P05 , 2P12 and 2P13 GEOG 2P07 and 2P21 one GEOG credit numbered 2 (alpha) 00 to 2 (alpha) 99 from Group A or D (see Geography department) MATH 1P97 STAT 1P98 Year 3",2024-2025-Undergraduate-Calendar-Computer-Science.html
72,COSC 1P50,COSC 3P03,,1,"Course: COSC 1P50 - COSC 3P03 Description: , 3P32 and 3P71 GEOG 3P21 and 3P57 one and one-half GEOG credits numbered 2 (alpha) 90 to 3 (alpha) 99 from Group A, C or D (see Geography department; see program note 5 ) one-half elective credit Year 4",2024-2025-Undergraduate-Calendar-Computer-Science.html
73,COSC 4P01,and,,1,"Course: COSC 4P01 - and Description: 4P02 one COSC credit numbered 3 (alpha) 90 or above (see program note 5 ) GEOG 4F99 one GEOG credit numbered 3 (alpha) 90 or above from Group A, C or D (see Geography department) one elective credit BSc (honours) Computer Science and Geography Year 1",2024-2025-Undergraduate-Calendar-Computer-Science.html
74,COSC 1P02,and,,1,"Course: COSC 1P02 - and Description: 1P03 one credit from GEOG 1P10 , 1P11 , 1P12 MATH 1P66 and 1P67 one Humanities context credit one Social Sciences context credit Year 2",2024-2025-Undergraduate-Calendar-Computer-Science.html
75,COSC 2P03,",",,1,"Course: COSC 2P03 - , Description: 2P05 , 2P12 and 2P13 GEOG 2P07 , 2P08 and 2P21 GEOG 2P05 or 2P18 MATH 1P97 STAT 1P98 Year 3",2024-2025-Undergraduate-Calendar-Computer-Science.html
76,COSC 1P50,COSC 3P03,,1,"Course: COSC 1P50 - COSC 3P03 Description: , 3P32 and 3P71 GEOG 3P21 and 3P56 one and one-half GEOG credits numbered 2 (alpha) 90 to 3 (alpha) 99 from Group B, C or D (see Geography department; see program note 5 ) one-half elective credit Year 4",2024-2025-Undergraduate-Calendar-Computer-Science.html
77,COSC 4P01,and,,1,"Course: COSC 4P01 - and Description: 4P02 one COSC credit numbered 3 (alpha) 90 or above (see program note 5 ) GEOG 4F99 one GEOG credit numbered 3 (alpha) 90 or above from Group B, C or D (see Geography department) one elective credit Concentration Program Artificial Intelligence Concentration in Software Engineering This concentration does not lead to a professional engineering degree. Students can earn a Concentration in Software Engineering by successfully completing the courses listed below as part of their academic work leading to an Honours BSc in Computer Science degree:",2024-2025-Undergraduate-Calendar-Computer-Science.html
78,COSC 2P03,",",,1,"Course: COSC 2P03 - , Description: 2P05 , 2P13 , 3P03 , 3P32 , 3P71 , 4P01 , 4P02 , and 4P61 two credits from",2024-2025-Undergraduate-Calendar-Computer-Science.html
79,COSC 3P92,",",,1,"Course: COSC 3P92 - , Description: 3P94 , 3P95 , 3P97 , 3P99 , 4F90 , 4P03 , 4P13 , 4P14 . 4P42 Concentration in Artificial Intelligence Students can earn a Concentration in Artificial Intelligence by successfully completing the courses listed below as part of their academic work leading to an Honours BSc in Computer Science degree:",2024-2025-Undergraduate-Calendar-Computer-Science.html
80,COSC 2P03,",",,1,"Course: COSC 2P03 - , Description: 2P05 , 2P13 , 3P03 , 3P32 , 3P71 , 4P01 , 4P02 and 4P61 two credits from",2024-2025-Undergraduate-Calendar-Computer-Science.html
81,COSC 3P96,",",,1,"Course: COSC 3P96 - , Description: 3P99 , 4F90 , 4P78 , 4P80 , 4P81 , 4P82 , 4P83 , 4P84 , 4P96 Minor in Applied Computing Computer Science (single or combined), Computing and Business , Computing and Network Communications , Computing and Solid-State Device Technology , and Game Programming majors may not obtain a minor in Applied Computing. Students in other disciplines may obtain a minor in Applied Computing within their degree program by completing the following courses with a minimum 60 percent overall average: Four APCO or COSC credits Brock/Colleges Articulation Agreement Brock-Sheridan College This agreement allows Brock University to admit students from the Sheridan College Computer Science Technology Advanced Diploma Program who have a minimum GPA of 3.5 (80 percent) to the BSc (Honours) Computer Science or BSc with Major Computer Science program. At admission,",2024-2025-Undergraduate-Calendar-Computer-Science.html
82,COSC 3P96,",",,2,"the student will be awarded seven credits towards either of these degrees. After completion of five credits at Brock University, the student may be eligible for up to two additional transfer credits. Normally the requirements for the BSc (Honours) and with Major degrees can be completed within two to three years. The schedule of transferable courses is available from the Admissions Office. Master of Science (MSc) Program Candidates with either an Honours or a Pass BSc degree in Computer Science, or equivalent, may apply to the Director of the Graduate Studies Office for entry into this program. Candidates holding a Pass degree will be required to take a qualifying year, similar to year 4 of the Honours program, before formally enrolling for the MSc degree. Candidates may be required to write Graduate Record Aptitude Examinations. Candidates with an Honours degree,",2024-2025-Undergraduate-Calendar-Computer-Science.html
83,COSC 3P96,",",,3,"or who have completed a qualifying year, require a minimum of one year of full-time study. The department offers a wide range of courses and research opportunities. For further information about the MSc program see the Graduate Calendar and the department's Graduate Studies brochure. Course Descriptions Note that not all courses are offered in every session. Refer to the applicable term timetable for details. # Indicates a cross listed course * Indicates primary offering of a cross listed course Prerequisites and Restrictions Students must check to ensure that prerequisites are met. Students may be deregistered, at the request of the instructor, from any course for which prerequisites and/or restrictions have not been met.",2024-2025-Undergraduate-Calendar-Computer-Science.html
84,COSC 1P50,and,APPLIED COMPUTING COURSES,1,"Course: COSC 1P50 - and Section: APPLIED COMPUTING COURSES Description: IASC 1P50 ) Issues in use of information technology including historic and social perspectives; legal, ethical and moral issues; intellectual property, licensing and copyright; privacy and freedom of expression; professional conduct and information literacy. Restrictions: not open to COSC (single or combined), BCB, CAST , CNET and DASA majors. Notes: this course involves seminars and considerable written work. A good command of written and spoken English is required. This course may be offered in multiple modes of delivery. The method of delivery will be listed on the academic timetable, in the applicable term. *APCO 1P93 Applied Programming (also offered as IASC 1P93 ) Modern software techniques including problem solving and design of effective algorithms, structured program design methodology,",2024-2025-Undergraduate-Calendar-Computer-Science.html
85,COSC 1P50,and,APPLIED COMPUTING COURSES,2,"subprogram library usage, documentation, correctness, floating-point arithmetic and error analysis. Delivery: Lectures, 3 hours per week; seminar, 1.5 hours per week. Lectures, 3 hours per week; lab, 2 hours per week; tutorial, 1 hour per week.",2024-2025-Undergraduate-Calendar-Computer-Science.html
86,APCO 1P00,or 4U Mathematics credit.,APPLIED COMPUTING COURSES,1,"Course: APCO 1P00 - or 4U Mathematics credit. Section: APPLIED COMPUTING COURSES Prerequisites: APCO 1P01 (minimum 60 percent) or Restrictions: open to APCO minors until date specified in Registration guide. Notes: this course may be offered in multiple modes of delivery. The method of delivery will be listed on the academic timetable, in the applicable term. *APCO 2P11 Personal Computers and Networks (also offered as IASC 2P11 ) Inner workings of modern computers from a user's point of view. Understanding the hardware, network and system software. Topics include CPUs, memory, video, input/output, networks, security, installation of operating systems and hands-on trouble shooting. Delivery: Lectures, 3 hours per week; lab, 3 hours per week.",2024-2025-Undergraduate-Calendar-Computer-Science.html
87,COSC 1P02,.,APPLIED COMPUTING COURSES,1,"Course: COSC 1P02 - . Section: APPLIED COMPUTING COURSES Notes: this course may be offered in multiple modes of delivery. The method of delivery will be listed on the academic timetable, in the applicable term. Completion of this course will replace previous assigned grade and credit obtained in",2024-2025-Undergraduate-Calendar-Computer-Science.html
88,APCO 2P01,.,APPLIED COMPUTING COURSES,1,"Course: APCO 2P01 - . Section: APPLIED COMPUTING COURSES Description: #APCO 2P61 Website Creation (also offered as STAC 2P61 and VISA 2P61 ) Creative approaches to basic technical and design foundations of website design and development. Processing and management of images and other media assets, structuring websites, development tools and applications, web hosting and dissemination strategies. Contemporary web-based art practices within the broader history of cultural production. Prerequisites: VISA 1P95 (minimum 60 percent) and 1P96 (minimum 60 percent) or permission of the instructor. Restrictions: open to STAC , VISA (single or combined) and VISA (Honours)/BEd (Intermediate/Senior) majors until date specified in Registration guide. After that date open to STAC , VISA (single or combined), VISA (Honours)/BEd (Intermediate/Senior) majors and APCO minors.",2024-2025-Undergraduate-Calendar-Computer-Science.html
89,APCO 2P01,.,APPLIED COMPUTING COURSES,2,"Notes: students will need additional materials, which they must supply. Field trips may be required. Students are expected to pay their own expenses. VISA 1P95 recommended. Due to space limitations, audits are not permitted in studio classes. This course may be offered in multiple modes of delivery. The method of delivery will be listed on the academic timetable, in the applicable term. #APCO 2P89 Internet Technologies (also offered as Delivery: Lectures, lab, 5 hours per week.",2024-2025-Undergraduate-Calendar-Computer-Science.html
90,COSC 2P89,and,APPLIED COMPUTING COURSES,1,"Course: COSC 2P89 - and Section: APPLIED COMPUTING COURSES Description: IASC 2P89 ) Concepts and techniques for building and maintaining advanced interactive Web sites. Topics include XML and SGML , database connectivity and forms handling, basic animation, graphics optimization for the Web, scripting, advanced searching and Web design for accessibility. Delivery: Lectures, 3 hours per week; lab/seminar, 2 hours per week.",2024-2025-Undergraduate-Calendar-Computer-Science.html
91,APCO 1P00,(minimum 60 percent) and,APPLIED COMPUTING COURSES,1,Course: APCO 1P00 - (minimum 60 percent) and Section: APPLIED COMPUTING COURSES Description: 1P01 (minimum 60 percent) or,2024-2025-Undergraduate-Calendar-Computer-Science.html
92,COSC 1P03,(minimum 60 percent).,APPLIED COMPUTING COURSES,1,"Course: COSC 1P03 - (minimum 60 percent). Section: APPLIED COMPUTING COURSES Notes: this course may be offered in multiple modes of delivery. The method of delivery will be listed on the academic timetable, in the applicable term.",2024-2025-Undergraduate-Calendar-Computer-Science.html
93,APCO 2P99,Project in Applied Computing,APPLIED COMPUTING COURSES,1,"Course: APCO 2P99 - Project in Applied Computing Section: APPLIED COMPUTING COURSES Description: Development project in computing, Internet programming or directed reading essay under the supervision of a faculty member. Prerequisites: two APCO credits (minimum 70 percent). Notes: students may propose their own projects for departmental approval or may apply for a project proposed by a faculty member. Further information (including project guidelines and project list) is available on the department Web pages. This course may be offered in multiple modes of delivery. The method of delivery will be listed on the academic timetable, in the applicable term. #APCO 3P94 Human Computer Interaction (also offered as",2024-2025-Undergraduate-Calendar-Computer-Science.html
94,COSC 3P94,and,APPLIED COMPUTING COURSES,1,"Course: COSC 3P94 - and Section: APPLIED COMPUTING COURSES Description: IASC 3P94 ) Human factors in the design and support of computing systems. Design methodologies such as GOMS , TAGs and Task Analysis. Design principles relating to various interaction paradigms. Prerequisites: two credits from APCO (minimum 60 percent), COSC (minimum 60 percent), IASC (minimum 60 percent). Notes: this course may be offered in multiple modes of delivery. The method of delivery will be listed on the academic timetable, in the applicable term. Delivery: Lectures, 3 hours per week; lab/seminar, 2 hours per week.",2024-2025-Undergraduate-Calendar-Computer-Science.html
95,COSC 1P02,Introduction to Computer Science,COMPUTER SCIENCE COURSES,1,"Course: COSC 1P02 - Introduction to Computer Science Section: COMPUTER SCIENCE COURSES Description: Foundations of Computer Science and computer programming in a high-level language. Topics include computer fundamentals, representation of information, problem solving and software development, programming language syntax and semantics, methods, input/output, control structures and data types. Notes: This course may be offered in multiple modes of delivery. The method of delivery will be listed on the academic timetable, in the applicable term. Delivery: Lectures, 3 hours per week; lab, 2 hours per week; tutorial, 1 hour per week.",2024-2025-Undergraduate-Calendar-Computer-Science.html
96,COSC 1P03,Introduction to Data Structures,COMPUTER SCIENCE COURSES,1,"Course: COSC 1P03 - Introduction to Data Structures Section: COMPUTER SCIENCE COURSES Description: Programming and problem solving in a high-level programming language. Data structures including arrays and linked-lists. Modularity, abstraction and abstract data types including stacks, queues and lists. Introduction to searching and sorting, recursion, algorithm analysis and object-orientation. Delivery: Lectures, 3 hours per week; lab, 2 hours per week; tutorial, 1 hour per week.",2024-2025-Undergraduate-Calendar-Computer-Science.html
97,COSC 1P02,(minimum 60 percent).,COMPUTER SCIENCE COURSES,1,"Course: COSC 1P02 - (minimum 60 percent). Section: COMPUTER SCIENCE COURSES Notes: this course may be offered in multiple modes of delivery. The method of delivery will be listed on the academic timetable, in the applicable term. *COSC 1P50 Integrity and Literacy in the Information Age (also offered as",2024-2025-Undergraduate-Calendar-Computer-Science.html
98,APCO 1P50,and,COMPUTER SCIENCE COURSES,1,"Course: APCO 1P50 - and Section: COMPUTER SCIENCE COURSES Description: IASC 1P50 ) Issues in use of information technology including historic and social perspectives; legal, ethical and moral issues; intellectual property, licensing and copyright; privacy and freedom of expression; professional conduct and information literacy. Notes: this course involves seminars and considerable written work. A good command of written and spoken English is required. This course may be offered in multiple modes of delivery. The method of delivery will be listed on the academic timetable, in the applicable term. Delivery: Lectures, 3 hours per week; seminar, 1.5 hours per week.",2024-2025-Undergraduate-Calendar-Computer-Science.html
99,COSC 1P71,Essentials of Artificial Intelligence,COMPUTER SCIENCE COURSES,1,"Course: COSC 1P71 - Essentials of Artificial Intelligence Section: COMPUTER SCIENCE COURSES Description: Introductory, non-technical survey of artificial intelligence (AI) basics. Historical review of AI, from early approaches to contemporary technologies. Critical overview of successes and limitations. Ethical ramifications of AI, including its risks and safety, impact on society, industry, science, as well as problems arising from bias and misuse. Notes: this course may be offered in multiple modes of delivery. The method of delivery will be listed on the academic timetable, in the applicable term. Delivery: Lectures, 3 hours per week",2024-2025-Undergraduate-Calendar-Computer-Science.html
100,COSC 2P03,Advanced Data Structures,COMPUTER SCIENCE COURSES,1,"Course: COSC 2P03 - Advanced Data Structures Section: COMPUTER SCIENCE COURSES Description: Implementation and use of advanced data structures including trees, graphs, hash tables and advanced list structures, sorting and searching, recursion and traversals. Analysis of algorithms. Restrictions: open to COSC (single or combined), BCB, CAST , CNET , GAMP and NEUR Neurocomputing stream majors. Delivery: Lectures, 3 hours per week; lab, 2 hours per week; tutorial, 1 hour per week.",2024-2025-Undergraduate-Calendar-Computer-Science.html
101,COSC 1P03,"(minimum 60 percent),",COMPUTER SCIENCE COURSES,1,"Course: COSC 1P03 - (minimum 60 percent), Section: COMPUTER SCIENCE COURSES Description: MATH 1P66 and 1P67 . Notes: this course may be offered in multiple modes of delivery. The method of delivery will be listed on the academic timetable, in the applicable term.",2024-2025-Undergraduate-Calendar-Computer-Science.html
102,COSC 2P05,Programming Languages,COMPUTER SCIENCE COURSES,1,"Course: COSC 2P05 - Programming Languages Section: COMPUTER SCIENCE COURSES Description: Fundamental concepts of programming languages including syntax, semantics, program translation, virtual machines, control, data types, multi-threading, exception handling and abstraction mechanisms. Introduction to programming paradigms including imperative, applicative, logic and object-oriented. Delivery: Lectures, 3 hours per week.",2024-2025-Undergraduate-Calendar-Computer-Science.html
103,COSC 2P03,(minimum 60 percent).,COMPUTER SCIENCE COURSES,1,"Course: COSC 2P03 - (minimum 60 percent). Section: COMPUTER SCIENCE COURSES Notes: this course may be offered in multiple modes of delivery. The method of delivery will be listed on the academic timetable, in the applicable term. Completion of this course will replace previous assigned grade and credit obtained in",2024-2025-Undergraduate-Calendar-Computer-Science.html
104,COSC 2P90,and,COMPUTER SCIENCE COURSES,1,"Course: COSC 2P90 - and Section: COMPUTER SCIENCE COURSES Description: 3P05 . #COSC 2P08 Programming for Big Data (also offered as DASA 2P08 ) Introduction to Python programming and its Data Science ecosystem; handling and analyzing large datasets; data visualization; integrating Python into big data ecosystems; hands-on exercises and projects. Delivery: Lectures, 3 hours per week; lab, 1 hour per week.",2024-2025-Undergraduate-Calendar-Computer-Science.html
105,COSC 1P03,.,COMPUTER SCIENCE COURSES,1,Course: COSC 1P03 - . Section: COMPUTER SCIENCE COURSES,2024-2025-Undergraduate-Calendar-Computer-Science.html
106,COSC 2P12,Introduction to Computer Architecture,COMPUTER SCIENCE COURSES,1,"Course: COSC 2P12 - Introduction to Computer Architecture Section: COMPUTER SCIENCE COURSES Description: Evolution of digital computer. Computer organization including functional units, instruction cycle, control, buses and memory. Instruction types and memory access, instruction sequencing and call/return. Basic assembly language programming. Delivery: Lectures, 3 hours per week; lab, 2 hours per week.",2024-2025-Undergraduate-Calendar-Computer-Science.html
107,COSC 1P03,(minimum 60 percent).,COMPUTER SCIENCE COURSES,1,"Course: COSC 1P03 - (minimum 60 percent). Section: COMPUTER SCIENCE COURSES Notes: this course may be offered in multiple modes of delivery. The method of delivery will be listed on the academic timetable, in the applicable term.",2024-2025-Undergraduate-Calendar-Computer-Science.html
108,COSC 2P13,Introduction to Operating Systems,COMPUTER SCIENCE COURSES,1,"Course: COSC 2P13 - Introduction to Operating Systems Section: COMPUTER SCIENCE COURSES Description: Operating systems and management principles of computing resources and processing. Resource sharing including file, processor, I/O and memory management. Concurrency including: context switching, interprocess communication, and synchronization. Protection and security including encryption. Distributed systems including synchronization algorithms and fundamentals of computer networks. Delivery: Lectures, 3 hours per week.",2024-2025-Undergraduate-Calendar-Computer-Science.html
109,COSC 2P03,"(minimum 60 percent) for COSC (single or combined), BCB,",COMPUTER SCIENCE COURSES,1,"Course: COSC 2P03 - (minimum 60 percent) for COSC (single or combined), BCB, Section: COMPUTER SCIENCE COURSES Description: CAST , CNET and NEUR neurocomputing majors;",2024-2025-Undergraduate-Calendar-Computer-Science.html
110,COSC 2P03,"(minimum 60 percent),",COMPUTER SCIENCE COURSES,1,"Course: COSC 2P03 - (minimum 60 percent), Section: COMPUTER SCIENCE COURSES Description: CPCF 1F25 and IASC 2P04 for GAMP majors. Notes: this course may be offered in multiple modes of delivery. The method of delivery will be listed on the academic timetable, in the applicable term. *COSC 2P89 Internet Technologies (also offered as",2024-2025-Undergraduate-Calendar-Computer-Science.html
111,APCO 2P89,and,COMPUTER SCIENCE COURSES,1,"Course: APCO 2P89 - and Section: COMPUTER SCIENCE COURSES Description: IASC 2P89 ) Concepts and techniques required for building and maintaining advanced interactive Web sites. Topics include XML and SGML , database connectivity and forms handling, basic animation, graphics optimization for the Web, scripting, advanced searching, Web design for accessibility. Delivery: Lectures, 3 hours per week; lab/seminar, 2 hours per week.",2024-2025-Undergraduate-Calendar-Computer-Science.html
112,COSC 1P03,(minimum 60 percent) or,COMPUTER SCIENCE COURSES,1,Course: COSC 1P03 - (minimum 60 percent) or Section: COMPUTER SCIENCE COURSES,2024-2025-Undergraduate-Calendar-Computer-Science.html
113,APCO 1P00,(minimum 60 percent) and,COMPUTER SCIENCE COURSES,1,"Course: APCO 1P00 - (minimum 60 percent) and Section: COMPUTER SCIENCE COURSES Description: 1P01 (minimum 60 percent). Notes: this course may be offered in multiple modes of delivery. The method of delivery will be listed on the academic timetable, in the applicable term.",2024-2025-Undergraduate-Calendar-Computer-Science.html
114,COSC 2P95,Programming in C++ with Applications,COMPUTER SCIENCE COURSES,1,"Course: COSC 2P95 - Programming in C++ with Applications Section: COMPUTER SCIENCE COURSES Description: C++ as a second language. Basic language structure, data structures, libraries for application. Introduction to object-orientation and UNIX commands. Prerequisites: one of Delivery: Lectures, 3 hours per week; labs 2 hours per week.",2024-2025-Undergraduate-Calendar-Computer-Science.html
115,COSC 1P03,",",COMPUTER SCIENCE COURSES,1,"Course: COSC 1P03 - , Section: COMPUTER SCIENCE COURSES",2024-2025-Undergraduate-Calendar-Computer-Science.html
116,APCO 1P93,",",COMPUTER SCIENCE COURSES,1,"Course: APCO 1P93 - , Section: COMPUTER SCIENCE COURSES Description: MATH 2P40 . Prerequisites: one of four COSC credits, IASC 1F01 ( 1F00 ), one credit from VISA 1P93 (minimum 60 percent), 1P94 (minimum 60 percent), 1P95 (minimum 60 percent), 1P96 (minimum 60 percent). Restrictions: open to COSC (single or combined), IASC (single or combined), STAC , VISA (single or combined) and VISA (Honours)/BEd (Intermediate/Senior) majors until date specified in Registration guide. Notes: students should select the lab appropriate for their application domain (Computer Science or Mathematics). This course may be offered in multiple modes of delivery. The method of delivery will be listed on the academic timetable, in the applicable term.",2024-2025-Undergraduate-Calendar-Computer-Science.html
117,APCO 1P93,",",COMPUTER SCIENCE COURSES,2,"#COSC 2P96 Introduction to 3D Modelling and Animation (also offered as STAC 2P96 and VISA 2P96 ) Concepts and skills of 3D modelling and rendering using Autodesk Maya. Approaches to building models, using texturizing, lighting, cameras and rendering as well as basic animation techniques. Relevant historical and theoretical perspectives on 3D and virtuality situating 3D within creative process and broader critical practices in cultural production. students will need additional materials and equipment, which they must supply. Field trips may be required. Students are expected to pay their own expenses. VISA 1P95 recommended. Due to space limitations, audits are not permitted in studio classes. This course may be offered in multiple modes of delivery. The method of delivery will be listed on the academic timetable, in the applicable term.",2024-2025-Undergraduate-Calendar-Computer-Science.html
118,APCO 1P93,",",COMPUTER SCIENCE COURSES,3,"Completion of this course will replace previous assigned grade and credit obtained in IASC 2P96 . Delivery: Lectures, lab, 5 hours per week.",2024-2025-Undergraduate-Calendar-Computer-Science.html
119,COSC 3P01,Computer Networking,COMPUTER SCIENCE COURSES,1,"Course: COSC 3P01 - Computer Networking Section: COMPUTER SCIENCE COURSES Description: Principles of computer network: basic networking issues, concepts and solution approaches. Protocol stack and encapsulation including ISO-OSI and TCP/IP models. Application layer including common applications. Transport layer including reliable and unreliable delivery. Network layer including addressing, routing and datagram forwarding. Link layer including MAC addressing and fundamentals on access control. Network programming including client/server programming designs. Delivery: Lectures, 3 hours per week",2024-2025-Undergraduate-Calendar-Computer-Science.html
120,COSC 2P03,(minimum of 60 percent) and,COMPUTER SCIENCE COURSES,1,Course: COSC 2P03 - (minimum of 60 percent) and Section: COMPUTER SCIENCE COURSES,2024-2025-Undergraduate-Calendar-Computer-Science.html
121,COSC 2P13,(minimum of 60 percent).,COMPUTER SCIENCE COURSES,1,"Course: COSC 2P13 - (minimum of 60 percent). Section: COMPUTER SCIENCE COURSES Notes: this course may be offered in multiple modes of delivery. The method of delivery will be listed on the academic timetable, in the applicable term.",2024-2025-Undergraduate-Calendar-Computer-Science.html
122,COSC 3P03,Algorithms,COMPUTER SCIENCE COURSES,1,"Course: COSC 3P03 - Algorithms Section: COMPUTER SCIENCE COURSES Description: Design and analysis of computer algorithms. Topics include asymptotic notations, solving recurrences, order statistics, general algorithm design techniques such as divide-and-conquer, greedy algorithms, dynamic programming, backtracking and branch-and-bound. Graph and string algorithms. Introduction to NP-Completeness and complexity theory. Delivery: Lectures, 3 hours per week.",2024-2025-Undergraduate-Calendar-Computer-Science.html
123,COSC 2P03,(minimum 60 percent).,COMPUTER SCIENCE COURSES,1,"Course: COSC 2P03 - (minimum 60 percent). Section: COMPUTER SCIENCE COURSES Notes: this course may be offered in multiple modes of delivery. The method of delivery will be listed on the academic timetable, in the applicable term.",2024-2025-Undergraduate-Calendar-Computer-Science.html
124,COSC 3P32,Database Systems,COMPUTER SCIENCE COURSES,1,"Course: COSC 3P32 - Database Systems Section: COMPUTER SCIENCE COURSES Description: Fundamental database concepts: specification, design and applications; various models including the relational model; normal forms, efficiency considerations, queries using SQL, database administration and security. Practical experience in a group project. Delivery: Lectures, 3 hours per week; lab, 2 hours per week.",2024-2025-Undergraduate-Calendar-Computer-Science.html
125,COSC 2P03,(minimum 60 percent).,COMPUTER SCIENCE COURSES,1,"Course: COSC 2P03 - (minimum 60 percent). Section: COMPUTER SCIENCE COURSES Notes: this course may be offered in multiple modes of delivery. The method of delivery will be listed on the academic timetable, in the applicable term. Completion of this course will replace previous assigned grade and credit obtained in",2024-2025-Undergraduate-Calendar-Computer-Science.html
126,COSC 2P32,.,COMPUTER SCIENCE COURSES,1,Course: COSC 2P32 - . Section: COMPUTER SCIENCE COURSES,2024-2025-Undergraduate-Calendar-Computer-Science.html
127,COSC 3P71,Artificial Intelligence,COMPUTER SCIENCE COURSES,1,"Course: COSC 3P71 - Artificial Intelligence Section: COMPUTER SCIENCE COURSES Description: Historic and philosophical foundations of AI; knowledge representation and reasoning; problem spaces; blind and heuristic search; adversarial search in game playing; machine learning; social and ethical considerations. Delivery: Lectures, 3 hours per week; tutorial, 1 hour per week.",2024-2025-Undergraduate-Calendar-Computer-Science.html
128,COSC 2P03,(minimum 60 percent).,COMPUTER SCIENCE COURSES,1,"Course: COSC 2P03 - (minimum 60 percent). Section: COMPUTER SCIENCE COURSES Notes: this course may be offered in multiple modes of delivery. The method of delivery will be listed on the academic timetable, in the applicable term.",2024-2025-Undergraduate-Calendar-Computer-Science.html
129,COSC 3P90,Software Development,COMPUTER SCIENCE COURSES,1,"Course: COSC 3P90 - Software Development Section: COMPUTER SCIENCE COURSES Description: Introduction to modern software engineering techniques and applications; Contemporary approaches to software development; Generally applicable principles in software engineering; Hands-on applications of software development. Delivery: Lectures, 3 hours per week; Lab, 1 hour per week",2024-2025-Undergraduate-Calendar-Computer-Science.html
130,COSC 2P03,(minimum 60 percent),COMPUTER SCIENCE COURSES,1,Course: COSC 2P03 - (minimum 60 percent) Section: COMPUTER SCIENCE COURSES,2024-2025-Undergraduate-Calendar-Computer-Science.html
131,COSC 3P91,Advanced Object-Oriented Programming,COMPUTER SCIENCE COURSES,1,"Course: COSC 3P91 - Advanced Object-Oriented Programming Section: COMPUTER SCIENCE COURSES Description: Topics may include graphical user interfaces, animation, sound, music, networking, parallelism, client-server and XML using game design as an example. Object-oriented program design including UML and design patterns. Introduction to advanced Java APIs. Prerequisites: two COSC credits. Notes: this course may be offered in multiple modes of delivery. The method of delivery will be listed on the academic timetable, in the applicable term. Completion of this course will replace previous assigned grade and credit obtained in Delivery: Lectures, 3 hours per week; lab 2 hours per week.",2024-2025-Undergraduate-Calendar-Computer-Science.html
132,COSC 3P40,.,COMPUTER SCIENCE COURSES,1,Course: COSC 3P40 - . Section: COMPUTER SCIENCE COURSES,2024-2025-Undergraduate-Calendar-Computer-Science.html
133,COSC 3P92,Computer Architecture,COMPUTER SCIENCE COURSES,1,"Course: COSC 3P92 - Computer Architecture Section: COMPUTER SCIENCE COURSES Description: Topics include buses, internal and external memory, I/O and interfacing, computer arithmetic, instruction sets, RISCs, microprogrammed control, parallel organization. Delivery: Lectures, 3 hours per week.",2024-2025-Undergraduate-Calendar-Computer-Science.html
134,COSC 2P12,(minimum 60 percent).,COMPUTER SCIENCE COURSES,1,"Course: COSC 2P12 - (minimum 60 percent). Section: COMPUTER SCIENCE COURSES Notes: this course may be offered in multiple modes of delivery. The method of delivery will be listed on the academic timetable, in the applicable term.",2024-2025-Undergraduate-Calendar-Computer-Science.html
135,COSC 3P93,Parallel Computing,COMPUTER SCIENCE COURSES,1,"Course: COSC 3P93 - Parallel Computing Section: COMPUTER SCIENCE COURSES Description: Origins of parallelism, classification of designs, characterization of performance. Pipelined computers: selection and comparison, case studies. Processor arrays: switching networks, case studies. Parallel languages: general principles, parallel constructs, vectorizing compilers, issues of portability. Practical exposure to a parallel programming language and parallel computing hardware. Parallel algorithms: general principles, recurrences, parallel approach to data structures and computational structures. Future trends: technology, design limitations, future supercomputers. Delivery: Lectures, 3 hours per week.",2024-2025-Undergraduate-Calendar-Computer-Science.html
136,COSC 2P13,(minimum 60 percent).,COMPUTER SCIENCE COURSES,1,"Course: COSC 2P13 - (minimum 60 percent). Section: COMPUTER SCIENCE COURSES Notes: this course may be offered in multiple modes of delivery. The method of delivery will be listed on the academic timetable, in the applicable term. *COSC 3P94 Human Computer Interaction (also offered as",2024-2025-Undergraduate-Calendar-Computer-Science.html
137,APCO 3P94,and,COMPUTER SCIENCE COURSES,1,"Course: APCO 3P94 - and Section: COMPUTER SCIENCE COURSES Description: IASC 3P94 ) Human factors in the design and support of computing systems. Design methodologies such as GOMS , TAGs and Task Analysis. Design principles relating to various interaction paradigms. Prerequisites: two credits from APCO (minimum 60 percent), COSC (minimum 60 percent), IASC (minimum 60 percent). Notes: this course may be offered in multiple modes of delivery. The method of delivery will be listed on the academic timetable, in the applicable term. Delivery: Lectures, 3 hours per week; lab/seminar, 2 hours per week.",2024-2025-Undergraduate-Calendar-Computer-Science.html
138,COSC 3P95,Software Analysis and Testing,COMPUTER SCIENCE COURSES,1,"Course: COSC 3P95 - Software Analysis and Testing Section: COMPUTER SCIENCE COURSES Description: Principles of software development besides programming, such as static and dynamic analysis, debugging, diagnosing bugs, and testing. Topics include fundamental properties of software analysis and testing techniques, program analysis and code inspection, defect tracking, causality analysis, software measurement, software profiling, software tracing, acceptance testing, integration testing, regression testing, and performance testing. Restrictions: open to COSC (single or combined), BCB, CAST , GAMP , and NEUR majors. Delivery: Lectures, 3 hours per week.",2024-2025-Undergraduate-Calendar-Computer-Science.html
139,COSC 2P03,(minimum 60 percent) and,COMPUTER SCIENCE COURSES,1,Course: COSC 2P03 - (minimum 60 percent) and Section: COMPUTER SCIENCE COURSES,2024-2025-Undergraduate-Calendar-Computer-Science.html
140,COSC 2P05,.,COMPUTER SCIENCE COURSES,1,Course: COSC 2P05 - . Section: COMPUTER SCIENCE COURSES,2024-2025-Undergraduate-Calendar-Computer-Science.html
141,COSC 3P96,Machine Learning,COMPUTER SCIENCE COURSES,1,"Course: COSC 3P96 - Machine Learning Section: COMPUTER SCIENCE COURSES Description: Fundamental machine learning techniques with emphasis on using these techniques to design and implement small practical learning systems. Topics include learning as a search, inductive bias, concept learning, computational learning, explanation-based learning and reinforcement learning. Delivery: Lectures, seminar, 3 hours per week.",2024-2025-Undergraduate-Calendar-Computer-Science.html
142,COSC 3P71,(minimum 60 percent).,COMPUTER SCIENCE COURSES,1,"Course: COSC 3P71 - (minimum 60 percent). Section: COMPUTER SCIENCE COURSES Notes: this course may be offered in multiple modes of delivery. The method of delivery will be listed on the academic timetable, in the applicable term.",2024-2025-Undergraduate-Calendar-Computer-Science.html
143,COSC 3P97,Mobile Computing,COMPUTER SCIENCE COURSES,1,"Course: COSC 3P97 - Mobile Computing Section: COMPUTER SCIENCE COURSES Description: Overview of mobile applications, technologies and communication. Common paradigms in mobile computing. Application frameworks and application development. Interaction styles for user interface. Restrictions: open to COSC (single or combined), BCB, CAST and CNET majors. Delivery: Lectures 3 hours per week.",2024-2025-Undergraduate-Calendar-Computer-Science.html
144,COSC 2P13,(minimum 60 percent) and,COMPUTER SCIENCE COURSES,1,Course: COSC 2P13 - (minimum 60 percent) and Section: COMPUTER SCIENCE COURSES,2024-2025-Undergraduate-Calendar-Computer-Science.html
145,COSC 3P32,(minimum 60 percent).,COMPUTER SCIENCE COURSES,1,"Course: COSC 3P32 - (minimum 60 percent). Section: COMPUTER SCIENCE COURSES Notes: this course may be offered in multiple modes of delivery. The method of delivery will be listed on the academic timetable, in the applicable term. Completion of this course will replace previous assigned grade and credit obtained in",2024-2025-Undergraduate-Calendar-Computer-Science.html
146,COSC 3V97,.,COMPUTER SCIENCE COURSES,1,Course: COSC 3V97 - . Section: COMPUTER SCIENCE COURSES,2024-2025-Undergraduate-Calendar-Computer-Science.html
147,COSC 3P98,Computer Graphics,COMPUTER SCIENCE COURSES,1,"Course: COSC 3P98 - Computer Graphics Section: COMPUTER SCIENCE COURSES Description: Topics include 2-D and 3-D graphics, curve and surface fitting, light and colour models, real time interfaces, animation and hardware issues (knowledge of C assumed). Delivery: Lectures, 3 hours per week.",2024-2025-Undergraduate-Calendar-Computer-Science.html
148,COSC 2P03,"(minimum 60 percent), three COSC credits and",COMPUTER SCIENCE COURSES,1,"Course: COSC 2P03 - (minimum 60 percent), three COSC credits and Section: COMPUTER SCIENCE COURSES Description: MATH 1P12 . Notes: this course may be offered in multiple modes of delivery. The method of delivery will be listed on the academic timetable, in the applicable term.",2024-2025-Undergraduate-Calendar-Computer-Science.html
149,COSC 3P99,Computing Project,COMPUTER SCIENCE COURSES,1,"Course: COSC 3P99 - Computing Project Section: COMPUTER SCIENCE COURSES Description: Half-year development project or directed reading essay under faculty supervision. Restrictions: open to COSC (single or combined), BCB, CAST , CNET , GAMP and NEUR Neurocomputing stream majors with a minimum 75 percent major average (or permission of project supervisor) and permission of project coordinator. Delivery: Seminar, 2 hours per week.",2024-2025-Undergraduate-Calendar-Computer-Science.html
150,COSC 2P03,.,COMPUTER SCIENCE COURSES,1,"Course: COSC 2P03 - . Section: COMPUTER SCIENCE COURSES Notes: students may propose their own projects for departmental approval or may apply for a project proposed by a faculty member. Further information (including project guidelines and project list) is available on the department Web pages. This course may be offered in multiple modes of delivery. The method of delivery will be listed on the academic timetable, in the applicable term.",2024-2025-Undergraduate-Calendar-Computer-Science.html
151,COSC 3Q95,Internship in Game Programming,COMPUTER SCIENCE COURSES,1,Course: COSC 3Q95 - Internship in Game Programming Section: COMPUTER SCIENCE COURSES Description: Internship in a business related to the gaming industry. Restrictions: open to GAMP majors and permission of the Game Program Director.,2024-2025-Undergraduate-Calendar-Computer-Science.html
152,COSC 2P03,(minimum 60 percent) and permission of,COMPUTER SCIENCE COURSES,1,"Course: COSC 2P03 - (minimum 60 percent) and permission of Section: COMPUTER SCIENCE COURSES Description: Game Programming Director. Restrictions: open to COSC (single or combined), BCB, CAST , CNET , GAMP and NEUR Neurocomputing stream majors. Notes: application required. Enrolment will be limited to the number of placements available. Students will be required to attend orientation meetings, occasional meetings with the Student Support Co-ordinator and develop professional learning objectives. Additional components typically include a site visit, a work term report and an employer performance evaluation. This course may be offered in multiple modes of delivery. The method of delivery will be listed on the academic timetable, in the applicable term. COSC 3V90-3V99 Computing Topics I Selected topics in computer science.",2024-2025-Undergraduate-Calendar-Computer-Science.html
153,COSC 4F90,Computing Project,COMPUTER SCIENCE COURSES,1,"Course: COSC 4F90 - Computing Project Section: COMPUTER SCIENCE COURSES Description: Full-year project under the supervision of a faculty member. Restrictions: open to COSC (single or combined), BCB, CAST and CNET majors with a minimum 75 percent major average, a minimum 10.0 overall credits and permission of project co-ordinator. Delivery: Seminar, 2 hours per week.",2024-2025-Undergraduate-Calendar-Computer-Science.html
154,COSC 2P03,(minimum 60 percent).,COMPUTER SCIENCE COURSES,1,"Course: COSC 2P03 - (minimum 60 percent). Section: COMPUTER SCIENCE COURSES Notes: students may propose their own projects for departmental approval or may apply for a project proposed by a faculty member. This course is strongly recommended for students considering graduate school. Students must consult with faculty at the end of year 3 regarding supervision of projects. Further information (including project guidelines and project list) is available on the department Web pages. This course may be offered in multiple modes of delivery. The method of delivery will be listed on the academic timetable, in the applicable term.",2024-2025-Undergraduate-Calendar-Computer-Science.html
155,COSC 4P01,Software Engineering 1,COMPUTER SCIENCE COURSES,1,"Course: COSC 4P01 - Software Engineering 1 Section: COMPUTER SCIENCE COURSES Description: Theory of software engineering. Topics include plan-driven development, Agile development, software requirements elicitation and presentation, verification of software correctness, redundancy, robustness, safety and security. Creation of robust software requirements document. Introduction to tools such as Git and Azure DevOps. Restrictions: open to COSC (single or combined), BCB and CAST majors with a minimum of 14.0 overall credits. Delivery: Lectures, 3 hours per week; tutorial, 1 hour per week.",2024-2025-Undergraduate-Calendar-Computer-Science.html
156,COSC 2P03,and,COMPUTER SCIENCE COURSES,1,Course: COSC 2P03 - and Section: COMPUTER SCIENCE COURSES,2024-2025-Undergraduate-Calendar-Computer-Science.html
157,COSC 3P32,(minimum 60 percent).,COMPUTER SCIENCE COURSES,1,"Course: COSC 3P32 - (minimum 60 percent). Section: COMPUTER SCIENCE COURSES Notes: this course may be offered in multiple modes of delivery. The method of delivery will be listed on the academic timetable, in the applicable term. Completion of this course will replace previous assigned grade and credit obtained in",2024-2025-Undergraduate-Calendar-Computer-Science.html
158,COSC 4F00,.,COMPUTER SCIENCE COURSES,1,Course: COSC 4F00 - . Section: COMPUTER SCIENCE COURSES,2024-2025-Undergraduate-Calendar-Computer-Science.html
159,COSC 4P02,Software Engineering 2,COMPUTER SCIENCE COURSES,1,"Course: COSC 4P02 - Software Engineering 2 Section: COMPUTER SCIENCE COURSES Description: Application of software engineering. The development of a large-scale software engineering project in a competitive team setting, including creation of complete documentation for a working system. Restrictions: open to COSC (single or combined), BCB and CAST majors. Delivery: Lectures, Seminars, Project Consultation, 3 hours per week.",2024-2025-Undergraduate-Calendar-Computer-Science.html
160,COSC 4P01,(minimum 60 percent).,COMPUTER SCIENCE COURSES,1,"Course: COSC 4P01 - (minimum 60 percent). Section: COMPUTER SCIENCE COURSES Notes: this course may be offered in multiple modes of delivery. The method of delivery will be listed on the academic timetable, in the applicable term. Completion of this course will replace previous assigned grade and credit obtained in",2024-2025-Undergraduate-Calendar-Computer-Science.html
161,COSC 4F00,.,COMPUTER SCIENCE COURSES,1,Course: COSC 4F00 - . Section: COMPUTER SCIENCE COURSES,2024-2025-Undergraduate-Calendar-Computer-Science.html
162,COSC 4P03,Advanced Algorithms,COMPUTER SCIENCE COURSES,1,"Course: COSC 4P03 - Advanced Algorithms Section: COMPUTER SCIENCE COURSES Description: Classical and evolving problems and algorithms in Computer Science. Topics include classical design and analysis techniques, cryptography, combinatorics. Delivery: Lectures, seminar, 3 hours per week.",2024-2025-Undergraduate-Calendar-Computer-Science.html
163,COSC 3P03,(minimum 60 percent).,COMPUTER SCIENCE COURSES,1,"Course: COSC 3P03 - (minimum 60 percent). Section: COMPUTER SCIENCE COURSES Notes: this course may be offered in multiple modes of delivery. The method of delivery will be listed on the academic timetable, in the applicable term.",2024-2025-Undergraduate-Calendar-Computer-Science.html
164,COSC 4P04,Graph Drawing and Information Visualization,COMPUTER SCIENCE COURSES,1,"Course: COSC 4P04 - Graph Drawing and Information Visualization Section: COMPUTER SCIENCE COURSES Description: Different embeddings, models and representations of graphs and networks, including planar drawing, radial drawing, layered drawing. Algorithms and techniques for network visualization, planarity testing, optimization of graph features such as area or angular resolution. Practical application of network visualization in biology, cartography, data analytics. Delivery: Lectures, 3 hours per week.",2024-2025-Undergraduate-Calendar-Computer-Science.html
165,COSC 3P03,(minimum 60 percent).,COMPUTER SCIENCE COURSES,1,"Course: COSC 3P03 - (minimum 60 percent). Section: COMPUTER SCIENCE COURSES Notes: this course may be offered in multiple mods of delivery. The method of delivery will be listed on the academic timetable, in the applicable term.",2024-2025-Undergraduate-Calendar-Computer-Science.html
166,COSC 4P13,Operating Systems: Design and Implementation,COMPUTER SCIENCE COURSES,1,"Course: COSC 4P13 - Operating Systems: Design and Implementation Section: COMPUTER SCIENCE COURSES Description: Design and implementation of UNIX and other operating systems. Topics include process and thread management, interprocess communication, synchronization and scheduling, multiprocessing, device drivers, kernel memory management, distributed and advanced file systems and STREAMS (knowledge of C assumed). Delivery: Lectures, lab, 3 hours per week; lab, 2 hours per week.",2024-2025-Undergraduate-Calendar-Computer-Science.html
167,COSC 2P13,(minimum 60 percent).,COMPUTER SCIENCE COURSES,1,"Course: COSC 2P13 - (minimum 60 percent). Section: COMPUTER SCIENCE COURSES Notes: this course may be offered in multiple modes of delivery. The method of delivery will be listed on the academic timetable, in the applicable term.",2024-2025-Undergraduate-Calendar-Computer-Science.html
168,COSC 4P14,Advanced Computer Networks,COMPUTER SCIENCE COURSES,1,"Course: COSC 4P14 - Advanced Computer Networks Section: COMPUTER SCIENCE COURSES Description: Advanced topics in computer networking, including computer network security, wireless and high-speed networking, computer network management and performance evaluation. Delivery: Lectures, 3 hours per week; lab, 2 hours per week.",2024-2025-Undergraduate-Calendar-Computer-Science.html
169,COSC 2P13,(minimum 60 percent).,COMPUTER SCIENCE COURSES,1,"Course: COSC 2P13 - (minimum 60 percent). Section: COMPUTER SCIENCE COURSES Notes: this course may be offered in multiple modes of delivery. The method of delivery will be listed on the academic timetable, in the applicable term.",2024-2025-Undergraduate-Calendar-Computer-Science.html
170,COSC 4P32,Advanced Database Systems,COMPUTER SCIENCE COURSES,1,"Course: COSC 4P32 - Advanced Database Systems Section: COMPUTER SCIENCE COURSES Description: Design and implementation of database management systems ( DBMS ). Topics include: transaction management, crash recovery, query processing algorithms, query optimization, advanced indexing techniques, introductory topics on big data management, and parallel and distributed databases. Delivery: Lectures, 3 hours per week.",2024-2025-Undergraduate-Calendar-Computer-Science.html
171,COSC 3P32,(minimum 60 percent),COMPUTER SCIENCE COURSES,1,"Course: COSC 3P32 - (minimum 60 percent) Section: COMPUTER SCIENCE COURSES Notes: this course may be offered in multiple modes of delivery. The method of delivery will be listed on the academic timetable, in the applicable term.",2024-2025-Undergraduate-Calendar-Computer-Science.html
172,COSC 4P41,Functional Programming,COMPUTER SCIENCE COURSES,1,"Course: COSC 4P41 - Functional Programming Section: COMPUTER SCIENCE COURSES Description: Introduction to functional programming using the languages Haskell and SML. Topics include all data types, type inference, pattern-matching, recursion, polymorphism, higher-order functions, lazy vs eager evaluation, modules and monads. Prerequisites: three and one-half COSC credits. Notes: this course may be offered in multiple modes of delivery. The method of delivery will be listed on the academic timetable, in the applicable term. Delivery: Lectures, 3 hours per week; lab, 2 hours per week",2024-2025-Undergraduate-Calendar-Computer-Science.html
173,COSC 4P42,Formal Methods in Software Engineering,COMPUTER SCIENCE COURSES,1,"Course: COSC 4P42 - Formal Methods in Software Engineering Section: COMPUTER SCIENCE COURSES Description: Specification and correctness of software. Topics include algebraic specifications, semantics of programming languages, Hoare/dynamic logic, specification languages, program transformation. Prerequisites: three and one-half COSC credits and MATH 1P67 . Notes: this course may be offered in multiple modes of delivery. The method of delivery will be listed on the academic timetable, in the applicable term. Delivery: Lectures, 3 hours per week; lab, 2 hours per week.",2024-2025-Undergraduate-Calendar-Computer-Science.html
174,COSC 4P50,Introduction to Cyber Security,COMPUTER SCIENCE COURSES,1,"Course: COSC 4P50 - Introduction to Cyber Security Section: COMPUTER SCIENCE COURSES Description: Senior-level course focuses on offensive security and defensive science. Topics include: reconnaissance, scanning, enumeration, exploitation of computer systems and networks, firewalls, intrusion detections and prevention, access control list, encryption, etc. Prerequisites: three and one-half COSC credit. *COSC 4P61 Theory of Computation (also offered as MATH 4P61 ) Regular languages and finite state machines: deterministic and non-deterministic machines, Kleene's theorem, the pumping lemma, Myhill-Nerode Theorem and decidable questions. Context-free languages: generation by context-free grammars and acceptance by pushdown automata, pumping lemma, closure properties, decidability. Turing machines: recursively enumerable languages, universal Turing machines,",2024-2025-Undergraduate-Calendar-Computer-Science.html
175,COSC 4P50,Introduction to Cyber Security,COMPUTER SCIENCE COURSES,2,"halting problem and other undecidable questions. MATH 1P67 (minimum 60 percent) and three and one-half COSC credits. Restrictions: open to COSC (single or combined), BCB, CAST , CNET , GAMP and NEUR Neurocomputing stream majors. Notes: MATH students may take this course with permission of the Mathematics Department. This course may be offered in multiple modes of delivery. The method of delivery will be listed on the academic timetable, in the applicable term. Delivery: Lecture, 3 hours per week. Lectures, 3 hours per week.",2024-2025-Undergraduate-Calendar-Computer-Science.html
176,COSC 4P78,Robotics,COMPUTER SCIENCE COURSES,1,"Course: COSC 4P78 - Robotics Section: COMPUTER SCIENCE COURSES Description: Computer control aspects of robots focusing on behaviour-based robot control architectures. Topics include robot components and subsystems, sensors and perception, object location and manipulation, mobile robot navigation, task planning, control architectures, adaptive and social behaviour. Delivery: Lectures, 2 hours per week; lab, 2 hours per week.",2024-2025-Undergraduate-Calendar-Computer-Science.html
177,COSC 3P71,(minimum 60 percent).,COMPUTER SCIENCE COURSES,1,"Course: COSC 3P71 - (minimum 60 percent). Section: COMPUTER SCIENCE COURSES Notes: PHYS 1P91 and 1P92 are recommended. This course may be offered in multiple modes of delivery. The method of delivery will be listed on the academic timetable, in the applicable term.",2024-2025-Undergraduate-Calendar-Computer-Science.html
178,COSC 4P80,Artificial Neural Networks,COMPUTER SCIENCE COURSES,1,"Course: COSC 4P80 - Artificial Neural Networks Section: COMPUTER SCIENCE COURSES Description: Practical problem solving using artificial neural networks. Supervised learning, single- and multilayer feed-forward networks and backpropagation and refinements; recurrent neural networks; Hopfield networks and Boltzmann machines. Unsupervised learning, competitive learning, Kohonen map and self-organizing feature maps. Delivery: Lectures, seminar, 3 hours per week.",2024-2025-Undergraduate-Calendar-Computer-Science.html
179,COSC 3P71,(minimum 60 percent).,COMPUTER SCIENCE COURSES,1,"Course: COSC 3P71 - (minimum 60 percent). Section: COMPUTER SCIENCE COURSES Notes: this course may be offered in multiple modes of delivery. The method of delivery will be listed on the academic timetable, in the applicable term.",2024-2025-Undergraduate-Calendar-Computer-Science.html
180,COSC 4P81,AI Programming,COMPUTER SCIENCE COURSES,1,"Course: COSC 4P81 - AI Programming Section: COMPUTER SCIENCE COURSES Description: Developing computer applications for AI problem solving. Topics in AI software systems, programming languages and paradigms, and their suitability in different problem domains. Languages relevant to AI programming. Delivery: Lectures, 3 hours per week.",2024-2025-Undergraduate-Calendar-Computer-Science.html
181,COSC 3P71,(minimum 60 percent).,COMPUTER SCIENCE COURSES,1,"Course: COSC 3P71 - (minimum 60 percent). Section: COMPUTER SCIENCE COURSES Notes: this course may be offered in multiple modes of delivery. The method of delivery will be listed on the academic timetable, in the applicable term.",2024-2025-Undergraduate-Calendar-Computer-Science.html
182,COSC 4P82,Genetic Programming,COMPUTER SCIENCE COURSES,1,"Course: COSC 4P82 - Genetic Programming Section: COMPUTER SCIENCE COURSES Description: Synthesis of computer programs using evolutionary computation. Different representations, including tree, linear, grammatical. Theoretical analyses, including the effects of operators, representations and fitness landscapes. Practical applications in problem solving, decision making, classification, computer vision and design. Delivery: Lectures, seminar, 3 hours per week.",2024-2025-Undergraduate-Calendar-Computer-Science.html
183,COSC 3P71,(minimum 60 percent).,COMPUTER SCIENCE COURSES,1,"Course: COSC 3P71 - (minimum 60 percent). Section: COMPUTER SCIENCE COURSES Notes: this course may be offered in multiple modes of delivery. The method of delivery will be listed on the academic timetable, in the applicable term.",2024-2025-Undergraduate-Calendar-Computer-Science.html
184,COSC 4P83,Reinforcement Learning,COMPUTER SCIENCE COURSES,1,"Course: COSC 4P83 - Reinforcement Learning Section: COMPUTER SCIENCE COURSES Description: Multi-armed bandits, Markov decision processes, model-based and model-free methods (such as dynamic programming, Monte Carlo methods, and temporal-difference methods) for learning value and policy functions. Approximation solutions including deep reinforcement learning. Restrictions: open to COSC single or combined, GAME , NEUR , and Data Science programs. Delivery: Lectures, 3 hours per week.",2024-2025-Undergraduate-Calendar-Computer-Science.html
185,COSC 3P71,(minimum 60 percent).,COMPUTER SCIENCE COURSES,1,"Course: COSC 3P71 - (minimum 60 percent). Section: COMPUTER SCIENCE COURSES Notes: this course may be offered in multiple modes of delivery. The method of delivery will be listed on the academic timetable, in the applicable term.",2024-2025-Undergraduate-Calendar-Computer-Science.html
186,COSC 4P84,Natural Language Processing,COMPUTER SCIENCE COURSES,1,"Course: COSC 4P84 - Natural Language Processing Section: COMPUTER SCIENCE COURSES Description: Introduction to the computational modelling of natural language, including techniques and algorithms, formalisms, and applications. Fundamental topics covered include computational morphology, semantics, syntactic parsing, language modelling, summarization, machine translation, coreference resolution, and contemporary machine learning techniques. Prerequisites: MATH 1P67 (minimum 60 percent), STAT 1P98 , Delivery: Lectures, seminar, 3 hours per week.",2024-2025-Undergraduate-Calendar-Computer-Science.html
187,COSC 3P71,.,COMPUTER SCIENCE COURSES,1,"Course: COSC 3P71 - . Section: COMPUTER SCIENCE COURSES Notes: this course may be offered in multiple mods of delivery. The method of delivery will be listed on the academic timetable, in the applicable term.",2024-2025-Undergraduate-Calendar-Computer-Science.html
188,COSC 4P96,Topics in Computational Intelligence,COMPUTER SCIENCE COURSES,1,"Course: COSC 4P96 - Topics in Computational Intelligence Section: COMPUTER SCIENCE COURSES Description: Current methods their practical applications. Emphasis on evolutionary computation, swarm intelligence, artificial immune systems, and neural networks. Applications include optimization, classification, games, swarm robotics, image processing, and network science. Survey and discussion of current literature. Delivery: Lectures, seminar, 3 hours per week.",2024-2025-Undergraduate-Calendar-Computer-Science.html
189,COSC 3P71,(minimum 70 percent).,COMPUTER SCIENCE COURSES,1,"Course: COSC 3P71 - (minimum 70 percent). Section: COMPUTER SCIENCE COURSES Notes: this course may be offered in multiple modes of delivery. The method of delivery will be listed on the academic timetable, in the applicable term. Completion of this course will replace previous assigned grade and credit obtained in",2024-2025-Undergraduate-Calendar-Computer-Science.html
190,COSC 4V96,.,COMPUTER SCIENCE COURSES,1,Course: COSC 4V96 - . Section: COMPUTER SCIENCE COURSES,2024-2025-Undergraduate-Calendar-Computer-Science.html
191,COSC 4P98,Topics in Computer Media and Digital Audio,COMPUTER SCIENCE COURSES,1,"Course: COSC 4P98 - Topics in Computer Media and Digital Audio Section: COMPUTER SCIENCE COURSES Description: Fractals, digital audio fundamentals, Fourier analysis, MIDI , computer composition, music and sound processing and user interfaces. Programming assignments may use C, Java, Supercollider and Csound. Prerequisites: three and one-half COSC credits. Restrictions: open to COSC (single or combined), BCB, CAST , CNET , GAMP and NEUR Neurocomputing stream majors. Notes: this course may be offered in multiple modes of delivery. The method of delivery will be listed on the academic timetable, in the applicable term. COSC 4V80-4V99 Computing Topics II Selected topics in computer science. Delivery: Lectures, 3 hours per week. Lectures, seminar, 3 hours per week.",2024-2025-Undergraduate-Calendar-Computer-Science.html
192,COSC 0N01,Co-op Work Placement I,CO-OP COURSES,1,Course: COSC 0N01 - Co-op Work Placement I Section: CO-OP COURSES Description: First co-op work placement (4 months) with an approved employer. Restrictions: open to COSC and BCB Co-op students.,2024-2025-Undergraduate-Calendar-Computer-Science.html
193,COSC 0N02,Co-op Work Placement II,CO-OP COURSES,1,Course: COSC 0N02 - Co-op Work Placement II Section: CO-OP COURSES Description: Second co-op work placement (4 months) with an approved employer. Restrictions: open to COSC and BCB Co-op students.,2024-2025-Undergraduate-Calendar-Computer-Science.html
194,COSC 0N03,Co-op Work Placement III,CO-OP COURSES,1,Course: COSC 0N03 - Co-op Work Placement III Section: CO-OP COURSES Description: Third co-op work placement (4 months) with an approved employer. Restrictions: open to COSC and BCB Co-op students.,2024-2025-Undergraduate-Calendar-Computer-Science.html
195,COSC 0N04,Co-op Work Placement IV,CO-OP COURSES,1,Course: COSC 0N04 - Co-op Work Placement IV Section: CO-OP COURSES Description: Optional co-op work placement (4 months) with an approved employer. Restrictions: open to COSC and BCB Co-op students.,2024-2025-Undergraduate-Calendar-Computer-Science.html
196,COSC 0N05,Co-op Work Placement V,CO-OP COURSES,1,Course: COSC 0N05 - Co-op Work Placement V Section: CO-OP COURSES Description: Optional co-op work placement (4 months) with an approved employer. Restrictions: open to COSC and BCB Co-op students.,2024-2025-Undergraduate-Calendar-Computer-Science.html
197,COSC 2C01,Co-op Reflective Learning and Integration I,CO-OP COURSES,1,"Course: COSC 2C01 - Co-op Reflective Learning and Integration I Section: CO-OP COURSES Description: Provides students with the opportunity to apply what they haveve learned in their academic studies through career-oriented work experiences at employer sites. Prerequisites: SCIE 0N90 . Restrictions: open to BCB, COSC and CNET Co-op students.",2024-2025-Undergraduate-Calendar-Computer-Science.html
198,COSC 0N01,.,CO-OP COURSES,1,"Course: COSC 0N01 - . Section: CO-OP COURSES Notes: students will be required to prepare learning objectives, participate in a site visit, write a work term report and receive a successful work term performance evaluation. This course may be offered in multiple modes of delivery. The method of delivery will be listed on the academic timetable, in the applicable term.",2024-2025-Undergraduate-Calendar-Computer-Science.html
199,COSC 2C02,Co-op Reflective Learning and Integration II,CO-OP COURSES,1,Course: COSC 2C02 - Co-op Reflective Learning and Integration II Section: CO-OP COURSES Description: Provides students with the opportunity to apply what they haveve learned in their academic studies through career-oriented work experiences at employer sites. Prerequisites: SCIE 0N90 . Restrictions: open to BCB and COSC Co-op students.,2024-2025-Undergraduate-Calendar-Computer-Science.html
200,COSC 0N02,.,CO-OP COURSES,1,"Course: COSC 0N02 - . Section: CO-OP COURSES Notes: students will be required to prepare learning objectives, participate in a site visit, write a work term report and receive a successful work term performance evaluation. This course may be offered in multiple modes of delivery. The method of delivery will be listed on the academic timetable, in the applicable term.",2024-2025-Undergraduate-Calendar-Computer-Science.html
201,COSC 2C03,Co-op Reflective Learning and Integration III,CO-OP COURSES,1,Course: COSC 2C03 - Co-op Reflective Learning and Integration III Section: CO-OP COURSES Description: Provides students with the opportunity to apply what they haveve learned in their academic studies through career-oriented work experiences at employer sites. Prerequisites: SCIE 0N90 . Restrictions: open to BCB and COSC Co-op students.,2024-2025-Undergraduate-Calendar-Computer-Science.html
202,COSC 0N03,.,CO-OP COURSES,1,"Course: COSC 0N03 - . Section: CO-OP COURSES Notes: students will be required to prepare learning objectives, participate in a site visit, write a work term report and receive a successful work term performance evaluation. This course may be offered in multiple modes of delivery. The method of delivery will be listed on the academic timetable, in the applicable term.",2024-2025-Undergraduate-Calendar-Computer-Science.html
203,COSC 2C04,Co-op Reflective Learning and Integration IV,CO-OP COURSES,1,Course: COSC 2C04 - Co-op Reflective Learning and Integration IV Section: CO-OP COURSES Description: Provides students with the opportunity to apply what they haveve learned in their academic studies through career-oriented work experiences at employer sites. Prerequisites: SCIE 0N90 . Restrictions: open to BCB and COSC Co-op students.,2024-2025-Undergraduate-Calendar-Computer-Science.html
204,COSC 0N04,.,CO-OP COURSES,1,"Course: COSC 0N04 - . Section: CO-OP COURSES Notes: students will be required to prepare learning objectives, participate in a site visit, write a work term report and receive a successful work term performance evaluation. This course may be offered in multiple modes of delivery. The method of delivery will be listed on the academic timetable, in the applicable term.",2024-2025-Undergraduate-Calendar-Computer-Science.html
205,COSC 2C05,Co-op Reflective Learning and Integration V,CO-OP COURSES,1,Course: COSC 2C05 - Co-op Reflective Learning and Integration V Section: CO-OP COURSES Description: Provides students with the opportunity to apply what they haveve learned in their academic studies through career-oriented work experiences at employer sites. Prerequisites: SCIE 0N90 . Restrictions: open to BCB and COSC Co-op students.,2024-2025-Undergraduate-Calendar-Computer-Science.html
206,COSC 0N05,.,CO-OP COURSES,1,"Course: COSC 0N05 - . Section: CO-OP COURSES Notes: students will be required to prepare learning objectives, participate in a site visit, write a work term report and receive a successful work term performance evaluation. This course may be offered in multiple modes of delivery. The method of delivery will be listed on the academic timetable, in the applicable term. Last updated: June 24, 2024 @ 09:18AM",2024-2025-Undergraduate-Calendar-Computer-Science.html
